Wavelength(nm),Transmittance(%)
1200.0,0.28288126
1199.5,0.27731055
1199.0,0.278356105
1198.5,0.277334124
1198.0,0.266790241
1197.5,0.264522672
1197.0,0.264286459
1196.5,0.262221217
1196.0,0.252505362
1195.5,0.255624086
1195.0,0.250865609
1194.5,0.247987896
1194.0,0.238923982
1193.5,0.238507316
1193.0,0.238934189
1192.5,0.23148945
1192.0,0.231085748
1191.5,0.223859057
1191.0,0.22634548
1190.5,0.221402451
1190.0,0.215857506
1189.5,0.217728943
1189.0,0.211348429
1188.5,0.208490059
1188.0,0.204405487
1187.5,0.203778431
1187.0,0.198357433
1186.5,0.200807482
1186.0,0.191343069
1185.5,0.189100325
1185.0,0.18853955
1184.5,0.185337097
1184.0,0.183501273
1183.5,0.182475582
1183.0,0.175822869
1182.5,0.172972545
1182.0,0.172187507
1181.5,0.171207339
1181.0,0.170563206
1180.5,0.163990825
1180.0,0.162447542
1179.5,0.16284503
1179.0,0.158075899
1178.5,0.154667378
1178.0,0.155297622
1177.5,0.149622187
1177.0,0.150859743
1176.5,0.146784529
1176.0,0.14530386
1175.5,0.143152446
1175.0,0.144084334
1174.5,0.143719271
1174.0,0.138083503
1173.5,0.137216687
1173.0,0.133269653
1172.5,0.132666767
1172.0,0.13156648
1171.5,0.130322784
1171.0,0.126274809
1170.5,0.127804309
1170.0,0.124662869
1169.5,0.121303089
1169.0,0.121053614
1168.5,0.122129478
1168.0,0.122051165
1167.5,0.116169594
1167.0,0.118138872
1166.5,0.116220154
1166.0,0.113124974
1165.5,0.116026342
1165.0,0.107918166
1164.5,0.111342967
1164.0,0.110934116
1163.5,0.108483434
1163.0,0.108944498
1162.5,0.108143106
1162.0,0.105503902
1161.5,0.105984792
1161.0,0.104278155
1160.5,0.100723222
1160.0,0.098931588
1159.5,0.102051601
1159.0,0.104627512
1158.5,0.096355893
1158.0,0.096990898
1157.5,0.099397063
1157.0,0.100548916
1156.5,0.099230118
1156.0,0.097483002
1155.5,0.096937694
1155.0,0.09634766
1154.5,0.097218059
1154.0,0.090963595
1153.5,0.092737623
1153.0,0.093446091
1152.5,0.094876491
1152.0,0.089251392
1151.5,0.088573314
1151.0,0.090435639
1150.5,0.091885604
1150.0,0.091530845
1149.5,0.090363555
1149.0,0.091752656
1148.5,0.088448867
1148.0,0.087690733
1147.5,0.090659924
1147.0,0.081883118
1146.5,0.082613222
1146.0,0.0896376
1145.5,0.086009786
1145.0,0.085793585
1144.5,0.081642345
1144.0,0.085395508
1143.5,0.085199125
1143.0,0.083292156
1142.5,0.086912423
1142.0,0.085600667
1141.5,0.081042968
1141.0,0.082613446
1140.5,0.083458409
1140.0,0.080776893
1139.5,0.083685815
1139.0,0.080967337
1138.5,0.078098617
1138.0,0.078340843
1137.5,0.079847604
1137.0,0.080042273
1136.5,0.075250037
1136.0,0.074836388
1135.5,0.080902196
1135.0,0.074912444
1134.5,0.072987877
1134.0,0.076262176
1133.5,0.074494407
1133.0,0.070944309
1132.5,0.074751712
1132.0,0.071478546
1131.5,0.068752535
1131.0,0.070454307
1130.5,0.066640295
1130.0,0.066144317
1129.5,0.068890505
1129.0,0.066376448
1128.5,0.064012446
1128.0,0.065201744
1127.5,0.063141979
1127.0,0.060652442
1126.5,0.058022805
1126.0,0.060927115
1125.5,0.057377409
1125.0,0.057652719
1124.5,0.052922491
1124.0,0.057077151
1123.5,0.055597827
1123.0,0.051661946
1122.5,0.04973156
1122.0,0.052916218
1121.5,0.051600918
1121.0,0.043784812
1120.5,0.048645232
1120.0,0.046109039
1119.5,0.043586828
1119.0,0.040568952
1118.5,0.041739773
1118.0,0.040167671
1117.5,0.038611498
1117.0,0.038997307
1116.5,0.038428821
1116.0,0.037355389
1115.5,0.033261608
1115.0,0.03531963
1114.5,0.032451048
1114.0,0.029602146
1113.5,0.030244898
1113.0,0.024420116
1112.5,0.028180102
1112.0,0.023813251
1111.5,0.025339006
1111.0,0.021820519
1110.5,0.02196778
1110.0,0.025886184
1109.5,0.017180463
1109.0,0.018904841
1108.5,0.022980794
1108.0,0.021275632
1107.5,0.0144622
1107.0,0.016210031
1106.5,0.017256903
1106.0,0.015416497
1105.5,0.011213774
1105.0,0.015555327
1104.5,0.016216865
1104.0,0.007608578
1103.5,0.00860653
1103.0,0.009595946
1102.5,0.010365898
1102.0,0.010998189
1101.5,0.007002286
1101.0,0.006744538
1100.5,0.008996258
1100.0,0.005841089
1099.5,5.23648E-4
1099.0,0.009308744
1098.5,0.004907621
1098.0,0.001331794
1097.5,0.002230051
1097.0,0.003186446
1096.5,0.002320944
1096.0,-0.001872867
1095.5,0.003495895
1095.0,0.002028524
1094.5,0.001636325
1094.0,-3.9984E-4
1093.5,0.003327659
1093.0,4.23283E-4
1092.5,-0.001143408
1092.0,-7.54855E-4
1091.5,-0.003909532
1091.0,-0.00150133
1090.5,-0.004570339
1090.0,-0.006266232
1089.5,-9.45207E-4
1089.0,-0.002500551
1088.5,-0.003448529
1088.0,-1.55568E-4
1087.5,-0.007293761
1087.0,-0.004479669
1086.5,-0.006442171
1086.0,-0.002062944
1085.5,-0.003210198
1085.0,-0.004470375
1084.5,-0.002982174
1084.0,-0.00462212
1083.5,-0.003456934
1083.0,-0.006013527
1082.5,-0.008579721
1082.0,-0.004630901
1081.5,-0.004908932
1081.0,-0.003065827
1080.5,-0.006491993
1080.0,-0.007992761
1079.5,-0.007915492
1079.0,-0.005242049
1078.5,-0.007629915
1078.0,-0.007993222
1077.5,-0.00899264
1077.0,-0.005269028
1076.5,-0.004407324
1076.0,-0.00799826
1075.5,-0.010418741
1075.0,-0.009827875
1074.5,-0.009199454
1074.0,-0.004939074
1073.5,-0.005627014
1073.0,-0.005520377
1072.5,-0.009164461
1072.0,-0.009531803
1071.5,-0.010436089
1071.0,-0.006926086
1070.5,-0.009403287
1070.0,-0.010624941
1069.5,-0.007972219
1069.0,-0.00713241
1068.5,-0.012303717
1068.0,-0.006349337
1067.5,-0.010676801
1067.0,-0.01140177
1066.5,-0.009416861
1066.0,-0.01231678
1065.5,-0.007963242
1065.0,-0.010565902
1064.5,-0.010313648
1064.0,-0.010157773
1063.5,-0.009340331
1063.0,-0.013167613
1062.5,-0.013280398
1062.0,-0.012838116
1061.5,-0.010589863
1061.0,-0.013395044
1060.5,-0.014581599
1060.0,-0.010658793
1059.5,-0.014525414
1059.0,-0.015960637
1058.5,-0.010729128
1058.0,-0.014980701
1057.5,-0.009857048
1057.0,-0.011536471
1056.5,-0.014759662
1056.0,-0.015497049
1055.5,-0.012646394
1055.0,-0.015560154
1054.5,-0.015586154
1054.0,-0.012126108
1053.5,-0.018647457
1053.0,-0.016351767
1052.5,-0.015242529
1052.0,-0.015925726
1051.5,-0.020071663
1051.0,-0.01597015
1050.5,-0.015020523
1050.0,-0.018569803
1049.5,-0.022286169
1049.0,-0.01823389
1048.5,-0.019063897
1048.0,-0.018473804
1047.5,-0.021763813
1047.0,-0.019605348
1046.5,-0.019244744
1046.0,-0.021100054
1045.5,-0.023963304
1045.0,-0.021843236
1044.5,-0.018293627
1044.0,-0.018435448
1043.5,-0.020876214
1043.0,-0.020030998
1042.5,-0.022906294
1042.0,-0.017835462
1041.5,-0.027324276
1041.0,-0.024487456
1040.5,-0.015369795
1040.0,-0.021863513
1039.5,-0.021347376
1039.0,-0.024536919
1038.5,-0.02028962
1038.0,-0.021021599
1037.5,-0.023519194
1037.0,-0.025026504
1036.5,-0.02513203
1036.0,-0.022482809
1035.5,-0.023028076
1035.0,-0.02356399
1034.5,-0.023003532
1034.0,-0.024702616
1033.5,-0.024168316
1033.0,-0.023055281
1032.5,-0.024112904
1032.0,-0.022637047
1031.5,-0.021897178
1031.0,-0.022810655
1030.5,-0.022011403
1030.0,-0.026810804
1029.5,-0.024606071
1029.0,-0.02219753
1028.5,-0.022536928
1028.0,-0.022436939
1027.5,-0.024194475
1027.0,-0.024268597
1026.5,-0.021978127
1026.0,-0.020932652
1025.5,-0.022074148
1025.0,-0.023898745
1024.5,-0.022810122
1024.0,-0.0240032
1023.5,-0.022699727
1023.0,-0.025387445
1022.5,-0.023081115
1022.0,-0.022667563
1021.5,-0.020635005
1021.0,-0.025683193
1020.5,-0.024670206
1020.0,-0.019383574
1019.5,-0.023601713
1019.0,-0.024802774
1018.5,-0.018437149
1018.0,-0.024882222
1017.5,-0.021617349
1017.0,-0.021670297
1016.5,-0.02230249
1016.0,-0.024284298
1015.5,-0.024977434
1015.0,-0.020792395
1014.5,-0.0254393
1014.0,-0.025700508
1013.5,-0.022968518
1013.0,-0.023306778
1012.5,-0.020962639
1012.0,-0.022303956
1011.5,-0.022385612
1011.0,-0.018455599
1010.5,-0.02437146
1010.0,-0.020873852
1009.5,-0.017906716
1009.0,-0.022989012
1008.5,-0.026377166
1008.0,-0.019774625
1007.5,-0.024475573
1007.0,-0.021719377
1006.5,-0.019690419
1006.0,-0.02246999
1005.5,-0.024649397
1005.0,-0.024704
1004.5,-0.022806257
1004.0,-0.018251495
1003.5,-0.019518854
1003.0,-0.02301148
1002.5,-0.022639614
1002.0,-0.02521023
1001.5,-0.026195439
1001.0,-0.020379856
1000.5,-0.023820627
1000.0,-0.019480258
999.5,-0.022619395
999.0,-0.024807759
998.5,-0.021097071
998.0,-0.023418078
997.5,-0.025898192
997.0,-0.019836947
996.5,-0.025462635
996.0,-0.025400991
995.5,-0.024057899
995.0,-0.024265694
994.5,-0.023711242
994.0,-0.026806578
993.5,-0.028939024
993.0,-0.020623378
992.5,-0.028414462
992.0,-0.022233309
991.5,-0.030902717
991.0,-0.025667738
990.5,-0.024481708
990.0,-0.030971639
989.5,-0.027901869
989.0,-0.022690522
988.5,-0.026552597
988.0,-0.029456014
987.5,-0.02780314
987.0,-0.024137311
986.5,-0.024920469
986.0,-0.027580656
985.5,-0.022794604
985.0,-0.024037322
984.5,-0.032649219
984.0,-0.025378231
983.5,-0.024583263
983.0,-0.02688865
982.5,-0.027952813
982.0,-0.026493965
981.5,-0.027135976
981.0,-0.026817035
980.5,-0.027692588
980.0,-0.025255688
979.5,-0.026550723
979.0,-0.026151646
978.5,-0.029151132
978.0,-0.030906163
977.5,-0.031761527
977.0,-0.029342964
976.5,-0.02258868
976.0,-0.029535329
975.5,-0.029799879
975.0,-0.026634252
974.5,-0.025432196
974.0,-0.029429575
973.5,-0.024901068
973.0,-0.023607021
972.5,-0.029368117
972.0,-0.030273309
971.5,-0.030386986
971.0,-0.023652527
970.5,-0.024138626
970.0,-0.028231431
969.5,-0.024319576
969.0,-0.028682619
968.5,-0.030309102
968.0,-0.024050377
967.5,-0.02707942
967.0,-0.028365795
966.5,-0.027683528
966.0,-0.027455147
965.5,-0.026265686
965.0,-0.025833402
964.5,-0.024759592
964.0,-0.031681947
963.5,-0.031952817
963.0,-0.027995443
962.5,-0.026463408
962.0,-0.027527628
961.5,-0.026820233
961.0,-0.026357118
960.5,-0.025631245
960.0,-0.028836442
959.5,-0.026035592
959.0,-0.027438326
958.5,-0.027513821
958.0,-0.028836325
957.5,-0.027686829
957.0,-0.02602564
956.5,-0.031940684
956.0,-0.028452367
955.5,-0.028577499
955.0,-0.025884757
954.5,-0.028441422
954.0,-0.027028678
953.5,-0.02629949
953.0,-0.027312204
952.5,-0.030772664
952.0,-0.028486926
951.5,-0.029258369
951.0,-0.026971634
950.5,-0.026931556
950.0,-0.02764675
949.5,-0.027769431
949.0,-0.027524231
948.5,-0.027950155
948.0,-0.028137039
947.5,-0.02596312
947.0,-0.025872136
946.5,-0.030378982
946.0,-0.025647754
945.5,-0.026811695
945.0,-0.027468381
944.5,-0.0298208
944.0,-0.02580161
943.5,-0.026166696
943.0,-0.025263006
942.5,-0.026814144
942.0,-0.02683441
941.5,-0.030261355
941.0,-0.028061172
940.5,-0.025122456
940.0,-0.027996531
939.5,-0.030124648
939.0,-0.020606315
938.5,-0.02622088
938.0,-0.030809619
937.5,-0.028203245
937.0,-0.025552619
936.5,-0.026717812
936.0,-0.028928112
935.5,-0.028305314
935.0,-0.026644362
934.5,-0.028242977
934.0,-0.023323882
933.5,-0.026659627
933.0,-0.030520739
932.5,-0.027429184
932.0,-0.025815269
931.5,-0.027967667
931.0,-0.030644046
930.5,-0.029355396
930.0,-0.023730181
929.5,-0.028725952
929.0,-0.028379705
928.5,-0.027824029
928.0,-0.024781981
927.5,-0.029195236
927.0,-0.028800448
926.5,-0.025030101
926.0,-0.026420623
925.5,-0.026931169
925.0,-0.032332491
924.5,-0.027846577
924.0,-0.027088044
923.5,-0.024653196
923.0,-0.026790382
922.5,-0.027722266
922.0,-0.026200904
921.5,-0.028484231
921.0,-0.029803777
920.5,-0.027384046
920.0,-0.026033865
919.5,-0.029750209
919.0,-0.028528582
918.5,-0.026785919
918.0,-0.028496765
917.5,-0.022795741
917.0,-0.027618095
916.5,-0.025272381
916.0,-0.026027527
915.5,-0.026199264
915.0,-0.027063154
914.5,-0.026317913
914.0,-0.02737828
913.5,-0.028205669
913.0,-0.024607528
912.5,-0.025627725
912.0,-0.028892344
911.5,-0.027691076
911.0,-0.024043564
910.5,-0.024272153
910.0,-0.026145449
909.5,-0.026420996
909.0,-0.025881719
908.5,-0.029028337
908.0,-0.027324833
907.5,-0.02702729
907.0,-0.02816383
906.5,-0.027258234
906.0,-0.030163405
905.5,-0.026083935
905.0,-0.028475322
904.5,-0.030786447
904.0,-0.026486922
903.5,-0.026478529
903.0,-0.025251141
902.5,-0.025370929
902.0,-0.029664952
901.5,-0.029274732
901.0,-0.026817378
900.5,-0.026566006
900.0,-0.024700308
899.5,-0.028219339
899.0,-0.00156047
898.5,-3.82939E-4
898.0,0.00210506
897.5,-0.002355156
897.0,-0.00243272
896.5,0.00234302
896.0,0.00126091
895.5,6.60978E-4
895.0,-6.52453E-4
894.5,8.25E-5
894.0,-0.001090573
893.5,-0.001597364
893.0,3.29417E-4
892.5,4.33371E-4
892.0,-0.001818273
891.5,1.94153E-4
891.0,0.003262821
890.5,-0.001627673
890.0,0.001528857
889.5,-0.002592
889.0,5.95668E-4
888.5,-2.54536E-4
888.0,4.28674E-4
887.5,-8.30409E-4
887.0,-3.7007E-4
886.5,-0.001865527
886.0,2.88748E-4
885.5,-0.001099442
885.0,0.001146977
884.5,-1.39276E-4
884.0,-0.001899166
883.5,-0.001547026
883.0,0.002034816
882.5,-0.001493957
882.0,0.001122096
881.5,4.07E-6
881.0,0.002036256
880.5,-9.20901E-4
880.0,-1.60022E-4
879.5,0.001325618
879.0,5.29512E-4
878.5,6.48579E-4
878.0,0.001149586
877.5,-7.65492E-4
877.0,-8.25E-6
876.5,9.46491E-4
876.0,-9.25377E-4
875.5,1.03766E-4
875.0,6.15996E-4
874.5,1.622E-4
874.0,-1.03962E-4
873.5,-9.00769E-4
873.0,-4.02972E-4
872.5,5.96574E-4
872.0,5.94466E-4
871.5,-0.001164171
871.0,-0.001403205
870.5,-2.84485E-4
870.0,5.38312E-4
869.5,9.11367E-4
869.0,1.02422E-4
868.5,-1.66415E-4
868.0,-2.92153E-4
867.5,-9.04E-5
867.0,4.21E-5
866.5,-4.03881E-4
866.0,-2.03304E-4
865.5,-7.06E-5
865.0,3.19644E-4
864.5,6.46765E-4
864.0,1.39274E-4
863.5,-4.07E-5
863.0,-8.56061E-4
862.5,-2.75343E-4
862.0,-3.57198E-4
861.5,-0.001133739
861.0,-2.09033E-4
860.5,-1.36479E-4
860.0,-6.02E-5
859.5,-4.97149E-4
859.0,9.17219E-4
858.5,-6.04676E-4
858.0,-9.68339E-4
857.5,-1.57274E-4
857.0,-5.41654E-4
856.5,-6.86E-5
856.0,-0.001610108
855.5,2.13555E-4
855.0,-2.91706E-4
854.5,4.21108E-4
854.0,-2.9082E-4
853.5,-6.78653E-4
853.0,-3.99963E-4
852.5,0.001047254
852.0,9.23424E-4
851.5,-8.19402E-4
851.0,-0.001466663
850.5,0.001122503
850.0,0.001581138
849.5,1.6449E-4
849.0,-8.52271E-4
848.5,-4.8421E-4
848.0,-0.001673443
847.5,-1.36821E-4
847.0,4.62866E-4
846.5,-5.77E-5
846.0,1.47E-5
845.5,-2.40716E-4
845.0,1.5972E-4
844.5,2.30854E-4
844.0,-9.36E-5
843.5,-5.44416E-4
843.0,-0.00239972
842.5,-3.68249E-4
842.0,0.001670087
841.5,9.94629E-4
841.0,6.58206E-4
840.5,-5.65346E-4
840.0,2.48465E-4
839.5,4.50452E-4
839.0,7.91355E-4
838.5,2.37649E-4
838.0,-4.3111E-4
837.5,8.3075E-4
837.0,4.93873E-4
836.5,-4.71E-5
836.0,0.001024307
835.5,3.37835E-4
835.0,-0.00153236
834.5,-0.001000605
834.0,-1.14542E-4
833.5,6.28477E-4
833.0,4.1523E-4
832.5,-7.96E-5
832.0,1.79482E-4
831.5,-6.84681E-4
831.0,-0.001021097
830.5,4.69672E-4
830.0,0.00143547
829.5,-5.77E-5
829.0,1.93877E-4
828.5,8.03608E-4
828.0,-0.001098681
827.5,-7.21364E-4
827.0,5.87718E-4
826.5,0.0015248
826.0,-1.67186E-4
825.5,-4.13318E-4
825.0,3.18114E-4
824.5,-6.23E-5
824.0,-2.46472E-4
823.5,-5.87702E-4
823.0,7.40835E-4
822.5,-4.95091E-4
822.0,-4.51208E-4
821.5,-0.0011384
821.0,9.35E-6
820.5,-0.001235649
820.0,8.39563E-4
819.5,5.12446E-4
819.0,-5.1314E-4
818.5,-0.001161051
818.0,8.13691E-4
817.5,-5.1482E-4
817.0,4.9442E-4
816.5,-4.55513E-4
816.0,-8.1034E-4
815.5,-0.001918587
815.0,8.75561E-4
814.5,0.001102457
814.0,-5.20839E-4
813.5,5.5803E-4
813.0,2.93269E-4
812.5,1.70078E-4
812.0,-4.59493E-4
811.5,2.67736E-4
811.0,-7.42423E-4
810.5,-5.02764E-4
810.0,-0.001060221
809.5,5.35164E-4
809.0,-3.78432E-4
808.5,0.001049172
808.0,-5.56448E-4
807.5,-5.41349E-4
807.0,9.97756E-4
806.5,5.21682E-4
806.0,-0.001596157
805.5,-8.41642E-4
805.0,-0.001782052
804.5,5.02346E-4
804.0,-0.00145452
803.5,-6.42149E-4
803.0,-0.001208262
802.5,-3.33214E-4
802.0,2.47952E-4
801.5,-2.4444E-4
801.0,-8.04191E-4
800.5,-7.95451E-4
800.0,0.001400172
799.5,3.46493E-4
799.0,5.17147E-4
798.5,-8.21156E-4
798.0,1.73291E-4
797.5,1.90241E-4
797.0,-0.001838846
796.5,-0.001585116
796.0,-4.67E-5
795.5,8.95337E-4
795.0,0.002101383
794.5,1.0E-5
794.0,-3.8473E-4
793.5,3.94338E-4
793.0,-0.001347781
792.5,6.47773E-4
792.0,1.29E-5
791.5,-0.001323562
791.0,-0.00136215
790.5,-1.4072E-4
790.0,2.94705E-4
789.5,-5.12311E-4
789.0,-4.46144E-4
788.5,5.96E-5
788.0,3.66968E-4
787.5,-4.03059E-4
787.0,-5.92302E-4
786.5,4.83893E-4
786.0,-4.03292E-4
785.5,5.1321E-4
785.0,-9.89E-5
784.5,1.97834E-4
784.0,2.88221E-4
783.5,-0.001627525
783.0,-7.40681E-4
782.5,8.99551E-4
782.0,8.01E-6
781.5,-0.001071684
781.0,-8.84474E-4
780.5,1.17968E-4
780.0,-0.001600775
779.5,2.27422E-4
779.0,-1.79799E-4
778.5,4.04146E-4
778.0,-6.21573E-4
777.5,-7.32352E-4
777.0,-9.56928E-4
776.5,5.55519E-4
776.0,7.14526E-4
775.5,-4.16332E-4
775.0,-0.001099851
774.5,4.73544E-4
774.0,-2.03973E-4
773.5,-2.4955E-4
773.0,5.30724E-4
772.5,1.94339E-4
772.0,-5.06134E-4
771.5,3.73928E-4
771.0,4.61261E-4
770.5,-1.08E-5
770.0,-3.33725E-4
769.5,-1.04331E-4
769.0,-2.74E-5
768.5,-1.64812E-4
768.0,0.001219898
767.5,-4.03436E-4
767.0,9.54414E-4
766.5,-4.92939E-4
766.0,2.19718E-4
765.5,-2.38031E-4
765.0,5.32379E-4
764.5,7.73294E-4
764.0,2.12165E-4
763.5,-4.78486E-4
763.0,-8.71609E-4
762.5,-4.93668E-4
762.0,4.92781E-4
761.5,2.36093E-4
761.0,-5.88682E-4
760.5,-0.001752979
760.0,-4.2574E-4
759.5,-4.66466E-4
759.0,0.001094165
758.5,2.11778E-4
758.0,5.03572E-4
757.5,-0.001005292
757.0,-6.65257E-4
756.5,-6.34976E-4
756.0,7.29844E-4
755.5,7.43014E-4
755.0,5.49977E-4
754.5,4.29925E-4
754.0,5.80866E-4
753.5,-9.82968E-4
753.0,-7.91148E-4
752.5,-7.60255E-4
752.0,1.06768E-4
751.5,1.27335E-4
751.0,1.14E-5
750.5,3.02824E-4
750.0,0.001503047
749.5,-6.64588E-4
749.0,-2.10577E-4
748.5,1.6483E-4
748.0,-9.93671E-4
747.5,5.47496E-4
747.0,-2.49949E-4
746.5,-7.33974E-4
746.0,-1.70853E-4
745.5,-7.16021E-4
745.0,-2.64387E-4
744.5,-0.001490986
744.0,-1.46061E-4
743.5,-4.62516E-4
743.0,-3.68006E-4
742.5,-0.001539881
742.0,7.73249E-4
741.5,0.001840826
741.0,0.001147065
740.5,0.001499757
740.0,5.53852E-4
739.5,-0.001983985
739.0,-3.01008E-4
738.5,-4.41112E-4
738.0,-0.002526816
737.5,-3.89E-5
737.0,4.648E-4
736.5,-9.45985E-4
736.0,-5.10137E-4
735.5,-2.39563E-4
735.0,-3.81194E-4
734.5,-4.9637E-4
734.0,-5.38106E-4
733.5,-4.40254E-4
733.0,-2.77438E-4
732.5,-1.16773E-4
732.0,3.73243E-4
731.5,2.59164E-4
731.0,-3.57E-6
730.5,-6.79875E-4
730.0,8.68066E-4
729.5,0.001016968
729.0,4.20476E-4
728.5,-5.61286E-4
728.0,-0.001108611
727.5,-5.18E-7
727.0,9.11E-5
726.5,5.25427E-4
726.0,-0.002518553
725.5,-4.67E-5
725.0,-2.40618E-4
724.5,4.76495E-4
724.0,4.23222E-4
723.5,-0.001016563
723.0,-0.001255594
722.5,-8.11529E-4
722.0,7.6117E-4
721.5,-9.89E-5
721.0,-0.001365274
720.5,-4.86238E-4
720.0,-3.19488E-4
719.5,-0.001663118
719.0,7.47745E-4
718.5,-5.07976E-4
718.0,-2.99695E-4
717.5,5.54012E-4
717.0,3.61592E-4
716.5,-7.21215E-4
716.0,-6.21311E-4
715.5,-5.26E-5
715.0,-9.45E-5
714.5,-1.02E-5
714.0,-8.31326E-4
713.5,1.6861E-4
713.0,-7.64532E-4
712.5,3.4601E-4
712.0,6.97799E-4
711.5,-2.89287E-4
711.0,-0.001680692
710.5,-8.06371E-4
710.0,-5.68325E-4
709.5,6.10781E-4
709.0,8.26921E-4
708.5,3.19372E-4
708.0,-7.61E-5
707.5,7.11757E-4
707.0,2.47144E-4
706.5,-0.001559178
706.0,-0.001248793
705.5,-2.98188E-4
705.0,0.002591745
704.5,-7.42702E-4
704.0,1.80488E-4
703.5,-8.79437E-4
703.0,4.91439E-4
702.5,4.96E-5
702.0,7.72227E-4
701.5,-4.53592E-4
701.0,-4.23484E-4
700.5,-2.59582E-4
700.0,3.66039E-4
699.5,-2.80192E-4
699.0,-2.63576E-4
698.5,0.001204471
698.0,1.30935E-4
697.5,-0.001047976
697.0,-3.6362E-4
696.5,6.30123E-4
696.0,7.85433E-4
695.5,0.001481605
695.0,2.10735E-4
694.5,2.33734E-4
694.0,4.68232E-4
693.5,-6.70428E-4
693.0,-2.93917E-4
692.5,4.09054E-4
692.0,4.96649E-4
691.5,-5.78E-6
691.0,-1.83624E-4
690.5,-4.27779E-4
690.0,-2.60898E-4
689.5,-2.30893E-4
689.0,0.002227994
688.5,9.46E-5
688.0,5.27E-5
687.5,1.13E-5
687.0,5.01731E-4
686.5,-7.53555E-4
686.0,-1.97374E-4
685.5,1.07304E-4
685.0,6.73442E-4
684.5,-7.07141E-4
684.0,-8.89877E-4
683.5,7.14018E-4
683.0,0.001004458
682.5,-1.90098E-4
682.0,-9.37E-5
681.5,-1.27249E-4
681.0,-5.73688E-4
680.5,-8.07244E-4
680.0,-9.66472E-4
679.5,4.03554E-4
679.0,9.2613E-4
678.5,8.05495E-4
678.0,8.76E-5
677.5,-1.47308E-4
677.0,-4.6E-5
676.5,1.86982E-4
676.0,1.19E-5
675.5,-0.00200932
675.0,-3.25832E-4
674.5,-0.001386516
674.0,7.31E-6
673.5,3.66E-5
673.0,1.4276E-4
672.5,-4.31824E-4
672.0,3.4326E-4
671.5,-9.69E-5
671.0,7.43E-5
670.5,-2.96473E-4
670.0,6.78355E-4
669.5,5.6458E-4
669.0,4.75582E-4
668.5,-5.76696E-4
668.0,-6.08013E-4
667.5,7.59602E-4
667.0,6.59E-5
666.5,7.22323E-4
666.0,9.42585E-4
665.5,1.56096E-4
665.0,6.23E-5
664.5,2.38997E-4
664.0,6.69608E-4
663.5,-4.50275E-4
663.0,5.9876E-4
662.5,8.52284E-4
662.0,3.89499E-4
661.5,-0.001070176
661.0,-3.66769E-4
660.5,2.68715E-4
660.0,-3.11923E-4
659.5,-6.92462E-4
659.0,1.43953E-4
658.5,1.65178E-4
658.0,3.36004E-4
657.5,-7.95533E-4
657.0,-9.02134E-4
656.5,-8.73079E-4
656.0,6.89577E-4
655.5,0.001098092
655.0,7.23E-5
654.5,1.7197E-4
654.0,4.59247E-4
653.5,4.04265E-4
653.0,1.48819E-4
652.5,2.92E-5
652.0,-0.001981942
651.5,-5.85E-5
651.0,0.001127424
650.5,0.001132281
650.0,7.94983E-4
649.5,1.21353E-4
649.0,-5.46781E-4
648.5,0.001079934
648.0,-3.26544E-4
647.5,1.48787E-4
647.0,0.00162152
646.5,7.56045E-4
646.0,4.92113E-4
645.5,0.001755686
645.0,0.001091865
644.5,-6.33471E-4
644.0,8.26141E-4
643.5,6.25899E-4
643.0,-4.07E-5
642.5,8.9E-5
642.0,8.53E-5
641.5,0.001084175
641.0,6.11922E-4
640.5,2.70783E-4
640.0,2.64894E-4
639.5,8.68534E-4
639.0,-2.94991E-4
638.5,-1.00335E-4
638.0,7.8416E-4
637.5,2.93798E-4
637.0,-6.19454E-4
636.5,0.001884062
636.0,5.46926E-4
635.5,-5.23999E-4
635.0,-3.96569E-4
634.5,7.35708E-4
634.0,-2.8241E-4
633.5,9.37685E-4
633.0,0.001150435
632.5,-4.00214E-4
632.0,9.17681E-4
631.5,0.001283927
631.0,0.001054615
630.5,6.73E-5
630.0,2.0749E-4
629.5,4.41E-5
629.0,0.001657454
628.5,0.001590974
628.0,0.001369489
627.5,1.87062E-4
627.0,7.71534E-4
626.5,3.19483E-4
626.0,0.001807365
625.5,3.06575E-4
625.0,7.52636E-4
624.5,0.001051354
624.0,8.97313E-4
623.5,6.67374E-4
623.0,0.001273832
622.5,9.68199E-4
622.0,0.001578013
621.5,0.003257337
621.0,0.001960084
620.5,0.002189254
620.0,0.002112977
619.5,0.00218949
619.0,0.00333002
618.5,0.004691204
618.0,0.002491568
617.5,0.003318941
617.0,0.003915343
616.5,0.003382825
616.0,0.002558923
615.5,0.002407945
615.0,0.002479784
614.5,0.003647276
614.0,0.003854852
613.5,0.004926594
613.0,0.005048599
612.5,0.005098511
612.0,0.00373323
611.5,0.006945747
611.0,0.004820476
610.5,0.006318428
610.0,0.006763726
609.5,0.007542778
609.0,0.006691715
608.5,0.005988352
608.0,0.006890522
607.5,0.007002185
607.0,0.007054259
606.5,0.007783614
606.0,0.00706514
605.5,0.008482108
605.0,0.008800151
604.5,0.009186485
604.0,0.009511738
603.5,0.009704027
603.0,0.009023534
602.5,0.010591345
602.0,0.010402584
601.5,0.010562593
601.0,0.012308748
600.5,0.012567124
600.0,0.013535349
599.5,0.014247667
599.0,0.013296526
598.5,0.014047386
598.0,0.014902724
597.5,0.015858786
597.0,0.015521909
596.5,0.019069077
596.0,0.017961616
595.5,0.020215124
595.0,0.020726299
594.5,0.022905806
594.0,0.022831755
593.5,0.024645854
593.0,0.02540293
592.5,0.026998596
592.0,0.029828301
591.5,0.034134086
591.0,0.033942867
590.5,0.036857191
590.0,0.039294317
589.5,0.042098209
589.0,0.044113241
588.5,0.049346995
588.0,0.052574959
587.5,0.057993364
587.0,0.062489394
586.5,0.066311769
586.0,0.071970679
585.5,0.078722239
585.0,0.085969657
584.5,0.094446033
584.0,0.101497173
583.5,0.112312533
583.0,0.123988673
582.5,0.136088431
582.0,0.149140239
581.5,0.163437262
581.0,0.180857599
580.5,0.198305681
580.0,0.217825621
579.5,0.240330324
579.0,0.265555918
578.5,0.291516662
578.0,0.324026853
577.5,0.358430117
577.0,0.395710856
576.5,0.437628657
576.0,0.484008759
575.5,0.537519395
575.0,0.59444809
574.5,0.659108877
574.0,0.727849126
573.5,0.806084752
573.0,0.894475162
572.5,0.988441587
572.0,1.093672633
571.5,1.212538242
571.0,1.345292807
570.5,1.488592148
570.0,1.651061893
569.5,1.824423671
569.0,2.02176857
568.5,2.251111269
568.0,2.496094704
567.5,2.77155304
567.0,3.081827164
566.5,3.424516678
566.0,3.823523998
565.5,4.264783382
565.0,4.772911072
564.5,5.3307271
564.0,5.956001282
563.5,6.668633461
563.0,7.4777565
562.5,8.381065369
562.0,9.455750465
561.5,10.60483646
561.0,11.91387653
560.5,13.40178394
560.0,15.02301884
559.5,16.8966217
559.0,18.97646713
558.5,21.2556572
558.0,23.80522919
557.5,26.54895401
557.0,29.54489517
556.5,32.78839493
556.0,36.16936874
555.5,39.8005867
555.0,43.54749298
554.5,47.33064651
554.0,51.15864944
553.5,54.99282074
553.0,58.75798416
552.5,62.43404007
552.0,65.83393097
551.5,69.03876495
551.0,71.99663544
550.5,74.66990662
550.0,77.09377289
549.5,79.21570587
549.0,81.10441589
548.5,82.72883606
548.0,84.04814911
547.5,85.2297821
547.0,86.18963623
546.5,86.93845367
546.0,87.54918671
545.5,88.03984833
545.0,88.38304901
544.5,88.6280365
544.0,88.75385284
543.5,88.85917664
543.0,88.84625244
542.5,88.84503174
542.0,88.78366089
541.5,88.70552063
541.0,88.62526703
540.5,88.51551056
540.0,88.46201324
539.5,88.41370392
539.0,88.40444946
538.5,88.396698
538.0,88.43771362
537.5,88.52353668
537.0,88.65357971
536.5,88.84542847
536.0,89.04858398
535.5,89.31384277
535.0,89.61890411
534.5,89.92207336
534.0,90.29395294
533.5,90.65973663
533.0,91.04634094
532.5,91.45527649
532.0,91.81355286
531.5,92.18141174
531.0,92.54187012
530.5,92.84814453
530.0,93.11956024
529.5,93.37851715
529.0,93.56744385
528.5,93.72377014
528.0,93.79981995
527.5,93.85410309
527.0,93.86148071
526.5,93.87069702
526.0,93.74167633
525.5,93.62988281
525.0,93.48913574
524.5,93.32287598
524.0,93.16394043
523.5,93.00074005
523.0,92.82675934
522.5,92.68571472
522.0,92.55839539
521.5,92.42884064
521.0,92.34341431
520.5,92.30939484
520.0,92.26938629
519.5,92.28618622
519.0,92.32131958
518.5,92.40474701
518.0,92.48786926
517.5,92.59165192
517.0,92.76347351
516.5,92.89916992
516.0,93.0488739
515.5,93.22314453
515.0,93.39513397
514.5,93.52811432
514.0,93.63762665
513.5,93.77561951
513.0,93.85359192
512.5,93.89674377
512.0,93.94611359
511.5,93.91655731
511.0,93.90805817
510.5,93.8486557
510.0,93.78356934
509.5,93.70400238
509.0,93.62998962
508.5,93.52387238
508.0,93.45147705
507.5,93.37902832
507.0,93.3213501
506.5,93.29039001
506.0,93.2891922
505.5,93.30745697
505.0,93.38009644
504.5,93.43556213
504.0,93.540802
503.5,93.66783142
503.0,93.81941223
502.5,93.93981934
502.0,94.11662292
501.5,94.21723175
501.0,94.31855774
500.5,94.40118408
500.0,94.44553375
499.5,94.42832184
499.0,94.37689209
498.5,94.2355957
498.0,94.04541779
497.5,93.82766724
497.0,93.52986908
496.5,93.19697571
496.0,92.82219696
495.5,92.43055725
495.0,92.03726959
494.5,91.59799194
494.0,91.24305725
493.5,90.92378235
493.0,90.6203537
492.5,90.37010193
492.0,90.21128082
491.5,90.11686707
491.0,90.06375122
490.5,90.12378693
490.0,90.22906494
489.5,90.43847656
489.0,90.64974976
488.5,90.95108032
488.0,91.29306793
487.5,91.64277649
487.0,92.01560211
486.5,92.38922882
486.0,92.6921463
485.5,92.99341583
485.0,93.23362732
484.5,93.42620087
484.0,93.53457642
483.5,93.58338165
483.0,93.59390259
482.5,93.52641296
482.0,93.43808746
481.5,93.30136108
481.0,93.15483856
480.5,93.00798035
480.0,92.88455963
479.5,92.75585938
479.0,92.6631546
478.5,92.59856415
478.0,92.57800293
477.5,92.63558197
477.0,92.69515991
476.5,92.78477478
476.0,92.89358521
475.5,92.96061707
475.0,93.06087494
474.5,93.06798553
474.0,93.02590179
473.5,92.94002533
473.0,92.7829895
472.5,92.53237915
472.0,92.19780731
471.5,91.79916382
471.0,91.32093048
470.5,90.86169434
470.0,90.32698822
469.5,89.81654358
469.0,89.34185028
468.5,88.90927124
468.0,88.56808472
467.5,88.34524536
467.0,88.18643951
466.5,88.16319275
466.0,88.26321411
465.5,88.47071838
465.0,88.80496216
464.5,89.2013855
464.0,89.66459656
463.5,90.18401337
463.0,90.67957306
462.5,91.11949158
462.0,91.50955963
461.5,91.77758026
461.0,91.9594574
460.5,91.98407745
460.0,91.87101746
459.5,91.64453888
459.0,91.27732086
458.5,90.8658905
458.0,90.36231995
457.5,89.81715393
457.0,89.35287476
456.5,88.87143707
456.0,88.52112579
455.5,88.24292755
455.0,88.10326385
454.5,88.05474854
454.0,88.13431549
453.5,88.33808899
453.0,88.6213913
452.5,88.97499084
452.0,89.34371948
451.5,89.71416473
451.0,90.06773376
450.5,90.3610611
450.0,90.57705688
449.5,90.68405914
449.0,90.68747711
448.5,90.5834198
448.0,90.45664215
447.5,90.28399658
447.0,90.03863525
446.5,89.771698
446.0,89.60199738
445.5,89.42651367
445.0,89.31097412
444.5,89.25710297
444.0,89.25845337
443.5,89.25240326
443.0,89.25811768
442.5,89.23487854
442.0,89.13211823
441.5,88.94445801
441.0,88.62735748
440.5,88.17886353
440.0,87.6113205
439.5,86.97486877
439.0,86.21588135
438.5,85.48459625
438.0,84.79486847
437.5,84.17299652
437.0,83.66738892
436.5,83.3970871
436.0,83.28861237
435.5,83.42253113
435.0,83.76387787
434.5,84.2824707
434.0,84.93199158
433.5,85.65532684
433.0,86.3444519
432.5,86.9345932
432.0,87.32215118
431.5,87.42992401
431.0,87.21142578
430.5,86.66681671
430.0,85.7982254
429.5,84.65193176
429.0,83.37151337
428.5,81.97407532
428.0,80.66385651
427.5,79.4932251
427.0,78.56227112
426.5,77.94948578
426.0,77.701828
425.5,77.80440521
425.0,78.27259064
424.5,79.05139923
424.0,80.07160187
423.5,81.19567871
423.0,82.33584595
422.5,83.3763504
422.0,84.1427536
421.5,84.5732193
421.0,84.62135315
420.5,84.28588104
420.0,83.58586121
419.5,82.71799469
419.0,81.6452179
418.5,80.5743103
418.0,79.66105652
417.5,78.98742676
417.0,78.53421783
416.5,78.41534424
416.0,78.55748749
415.5,78.91413116
415.0,79.45427704
414.5,80.00130463
414.0,80.51758575
413.5,80.8172226
413.0,80.95802307
412.5,80.80617523
412.0,80.42649841
411.5,79.81357574
411.0,79.05233765
410.5,78.23105621
410.0,77.43547058
409.5,76.62384796
409.0,75.87477875
408.5,75.09632874
408.0,74.22835541
407.5,73.21560669
407.0,71.90021515
406.5,70.15627289
406.0,68.07647705
405.5,65.54784393
405.0,62.6860199
404.5,59.57811356
404.0,56.34798431
403.5,53.20259857
403.0,50.11097336
402.5,47.13777542
402.0,44.52496719
401.5,41.97208786
401.0,39.58488846
400.5,37.30446243
400.0,34.95982742
399.5,32.50008011
399.0,29.89627075
398.5,27.07009315
398.0,24.22600555
397.5,21.2244091
397.0,18.23014832
396.5,15.43168831
396.0,12.78033543
395.5,10.39320183
395.0,8.287413597
394.5,6.480549812
394.0,4.980259418
393.5,3.720349789
393.0,2.713814735
392.5,1.931213379
392.0,1.339603901
391.5,0.909868896
391.0,0.601097405
390.5,0.389425814
390.0,0.249106154
389.5,0.157122359
389.0,0.100142255
388.5,0.063067846
388.0,0.041444644
387.5,0.027243238
387.0,0.018597869
386.5,0.012466185
386.0,0.009250129
385.5,0.008788956
385.0,0.006840668
384.5,0.006734343
384.0,0.005509627
383.5,0.006021834
383.0,0.005907871
382.5,0.005435343
382.0,0.006673661
381.5,0.005695557
381.0,0.006440672
380.5,0.006979656
380.0,0.006205521
379.5,0.004918134
379.0,0.005159167
378.5,0.007521278
378.0,0.004921409
377.5,0.00556771
377.0,0.005239497
376.5,0.004059771
376.0,0.004926458
375.5,0.007089644
375.0,0.006258939
374.5,0.004331688
374.0,0.005441923
373.5,0.00567261
373.0,0.005479313
372.5,0.006601883
372.0,0.005388857
371.5,0.005968041
371.0,0.005577012
370.5,0.004755806
370.0,0.005769623
369.5,0.005011497
369.0,0.005534756
368.5,0.005925114
368.0,0.006695226
367.5,0.004979054
367.0,0.005070559
366.5,0.005644753
366.0,0.006298854
365.5,0.005633384
365.0,0.004464227
364.5,0.003987404
364.0,0.006083645
363.5,0.004455761
363.0,0.00604203
362.5,0.003812433
362.0,0.004716409
361.5,0.004881645
361.0,0.003938829
360.5,0.004872956
360.0,0.005329349
359.5,0.005007354
359.0,0.005676066
358.5,0.005228811
358.0,0.007115613
357.5,0.004340933
357.0,0.005916143
356.5,0.005046866
356.0,0.00523647
355.5,0.005150476
355.0,0.004239925
354.5,0.004206631
354.0,0.004526422
353.5,0.005214895
353.0,0.00645822
352.5,0.004980101
352.0,0.007329918
351.5,0.005304052
351.0,0.00528517
350.5,0.004597432
350.0,0.005881944
349.5,0.005537619
349.0,0.00588849
348.5,0.005195018
348.0,0.005532837
347.5,0.00682917
347.0,0.005040149
346.5,0.003874274
346.0,0.005371837
345.5,0.004821448
345.0,0.004609714
344.5,0.005076
344.0,0.005336338
343.5,0.005390237
343.0,0.003968862
342.5,0.005768067
342.0,0.005220418
341.5,0.004211204
341.0,0.005462608
340.5,0.005847922
340.0,0.00405386
339.5,0.005358519
339.0,0.003366309
338.5,0.004184542
338.0,0.005053679
337.5,0.005696515
337.0,0.00498122
336.5,0.006075884
336.0,0.005107195
335.5,0.004680231
335.0,0.003747674
334.5,0.004998738
334.0,0.00357786
333.5,0.005919877
333.0,0.004458375
332.5,0.004914435
332.0,0.00520535
331.5,0.007032276
331.0,0.004359165
330.5,0.006213623
330.0,0.005415561
329.5,0.004451395
329.0,0.004967811
328.5,0.005128019
328.0,0.00476515
327.5,0.004029549
327.0,0.004563137
326.5,0.004898279
326.0,0.003397594
325.5,0.003771834
325.0,0.006010419
324.5,0.004047332
324.0,0.002947827
323.5,0.005308435
323.0,0.00471268
322.5,0.004924537
322.0,0.005480824
321.5,0.005243332
321.0,0.005523062
320.5,0.004595915
320.0,0.003876552
319.5,0.003852816
319.0,0.00376872
318.5,0.004396691
318.0,0.004026539
317.5,0.004002074
317.0,0.00397731
316.5,0.00496533
316.0,0.006243555
315.5,0.004343385
315.0,0.003705379
314.5,0.005530756
314.0,0.004022756
313.5,0.002905097
313.0,0.004363386
312.5,0.005477546
312.0,0.004063427
311.5,0.005657875
311.0,0.003900761
310.5,0.003331178
310.0,0.005283987
309.5,0.005383373
309.0,0.004708093
308.5,0.004363973
308.0,0.004215652
307.5,0.003442153
307.0,0.003927912
306.5,0.004649915
306.0,0.004504987
305.5,0.002504912
305.0,0.004032901
304.5,0.003559548
304.0,0.003094584
303.5,0.00308285
303.0,0.003700379
302.5,0.00386855
302.0,0.004897382
301.5,0.004420553
301.0,0.00404663
300.5,0.003956253
300.0,0.003803138
