ID,band,model,r_t,rt_err_pos,rt_err_neg,r_c,rc_err_pos,rc_err_neg
U49,F555W,K66,1.58,0.01,0.01,0.552,0.009,0.007
U49,F555W,W,1.96,0.01,0.01,0.528,0.011,0.022
U49,F555W,S,NaN,NaN,NaN,0.563,0.034,0.041
U49,F814W,K66,1.72,0.01,0.01,0.476,0.034,0.03
U49,F814W,W,1.93,0.01,0.01,0.524,0.038,0.053
U49,F814W,S,NaN,NaN,NaN,0.413,0.03,0.036
R12,F555W,K66,1.6,0.02,0.05,-0.152,0.017,0.015
R12,F555W,W,2.53,0.06,0.05,-0.116,0.015,0.008
R12,F555W,S,NaN,NaN,NaN,-0.787,0.031,0.038
R12,F814W,K66,1.6,0.03,0.03,-0.152,0.03,0.019
R12,F814W,W,2.53,0.11,0.03,-0.116,0.015,0.016
R12,F814W,S,NaN,NaN,NaN,-0.787,0.035,0.046
R14,F555W,K66,1.33,0.05,0.03,-0.794,0.008,0.013
R14,F555W,W,2.63,0.01,0.03,-0.703,0.015,0.01
R14,F555W,S ,NaN,NaN,NaN,-3.387,0.016,0.017
R14,F814W,K66,1.4,0.04,0.05,-0.645,0.006,0.01
R14,F814W,W,2.71,0.02,0.06,-0.604,0.012,0.012
R14,F814W,S, NaN,NaN,NaN,-3.237,0.017,0.015
M9,F555W,K66,1.42,0.03,0.03,0.176,0.025,0.23
M9,F555W,W,1.79,0.06,0.04,0.196,0.02,0.025
M9,F555W,S,NaN,NaN,NaN,0.113,0.052,0.063
M9,F814W,K66,1.44,0.04,0.02,0.131,0.02,0.012
M9,F814W,W,1.84,0.05,0.03,0.153,0.015,0.018
M9,F814W,S,NaN,NaN,NaN,0.013,0.046,0.056
U77,F555W,K66,1.64,0.06,0.03,0.378,0.03,0.039
U77,F555W,W,2.26,0.13,0.12,0.364,0.03,0.04
U77,F555W,S,NaN,NaN,NaN,0.263,0.015,0.029
U77,F814W,K66,1.84,0.07,0.03,0.292,0.036,0.043
U77,F814W,W,2.93,0.26,0.16,0.284,0.052,0.05
U77,F814W,S,NaN,NaN,NaN,0.213,0.019,0.017
H38,F555W,K66,1.47,0.01,0.01,0.226,0.008,0.01
H38,F555W,W,1.84,0.01,0.02,0.246,0.027,0.028
H38,F555W,S,NaN,NaN,NaN,0.213,0.044,0.052
H38,F814W,K66,1.45,0.01,0.02,0.224,0.012,0.016
H38,F814W,W,1.97,0.01,0.01,0.208,0.007,0.019
H38,F814W,S,NaN,NaN,NaN,0.063,0.034,0.054
C20,F555W,K66,1.53,0.01,0.01,0.699,0.03,0.027
C20,F555W,W,1.67,0.01,0.01,0.717,0.032,0.041
C20,F555W,S,NaN,NaN,NaN,0.063,0.034,0.054
C20,F814W,K66,1.45,0.01,0.02,0.224,0.012,0.016
C20,F814W,W,1.97,0.01,0.01,0.208,0.007,0.019
C20,F814W,S,NaN,NaN,NaN,0.713,0.039,0.052
C38,F555W,K66,1.48,0.01,0.02,0.452,0.027,0.049
C38,F555W,W,1.81,0.02,0.01,0.421,0.044,0.04
C38,F555W,S,NaN,NaN,NaN,0.363,0.043,0.054
C38,F814W,K66,1.5,0.02,0.01,0.454,0.032,0.049
C38,F814W,W,1.91,0.03,0.02,0.434,0.041,0.054
C38,F814W,S,NaN,NaN,NaN,0.463,0.046,0.053
H10,F555W,K66,1.77,0.06,0.03,0.572,0.054,0.078
H10,F555W,W,2.12,0.08,0.06,0.59,0.069,0.064
H10,F555W,S,NaN,NaN,NaN,0.613,0.036,0.042
H10,F814W,K66,1.8,0.03,0.02,0.574,0.052,0.031
H10,F814W,W,2.46,0.1,0.06,0.564,0.048,0.042
H10,F814W,S,NaN,NaN,NaN,0.613,0.036,0.042
U137,F555W,K66,1.4,0.03,0.03,0.22,0.011,0.021
U137,F555W,W,1.89,0.04,0.05,0.203,0.022,0.014
U137,F555W,S,NaN,NaN,NaN,0.113,0.046,0.055
U137,F814W,K66,1.47,0.01,0.01,0.179,0.017,0.028
U137,F814W,W,1.69,0.01,0.01,0.231,0.027,0.037
U137,F814W,S,NaN,NaN,0.263,0.263,0.043,0.051